{"data": [{"ObjectIdentifier": "S-1-5-21-3154413470-3340737026-2748725799", "Properties": {"name": "HACKSMARTER.LOCAL", "domain": "HACKSMARTER.LOCAL", "domainsid": "S-1-5-21-3154413470-3340737026-2748725799", "distinguishedname": "DC=HACKSMARTER,DC=LOCAL", "description": "", "functionallevel": "2016", "highvalue": true, "whencreated": 1758423051}, "Trusts": [], "Aces": [{"RightName": "Owns", "IsInherited": false, "PrincipalSID": "HACKSMARTER.LOCAL-S-1-5-32-544", "PrincipalType": "Group"}, {"RightName": "GetChanges", "IsInherited": false, "PrincipalSID": "S-1-5-21-3154413470-3340737026-2748725799-498", "PrincipalType": "Group"}, {"RightName": "GetChangesAll", "IsInherited": false, "PrincipalSID": "S-1-5-21-3154413470-3340737026-2748725799-516", "PrincipalType": "Group"}, {"RightName": "GetChangesInFilteredSet", "IsInherited": false, "PrincipalSID": "HACKSMARTER.LOCAL-S-1-5-32-544", "PrincipalType": "Group"}, {"RightName": "GetChanges", "IsInherited": false, "PrincipalSID": "HACKSMARTER.LOCAL-S-1-5-32-544", "PrincipalType": "Group"}, {"RightName": "GetChangesAll", "IsInherited": false, "PrincipalSID": "HACKSMARTER.LOCAL-S-1-5-32-544", "PrincipalType": "Group"}, {"RightName": "GetChangesInFilteredSet", "IsInherited": false, "PrincipalSID": "HACKSMARTER.LOCAL-S-1-5-9", "PrincipalType": "Group"}, {"RightName": "GetChanges", "IsInherited": false, "PrincipalSID": "HACKSMARTER.LOCAL-S-1-5-9", "PrincipalType": "Group"}, {"RightName": "WriteOwner", "IsInherited": false, "PrincipalSID": "S-1-5-21-3154413470-3340737026-2748725799-512", "PrincipalType": "Group"}, {"RightName": "AllExtendedRights", "IsInherited": false, "PrincipalSID": "S-1-5-21-3154413470-3340737026-2748725799-512", "PrincipalType": "Group"}, {"RightName": "WriteDacl", "IsInherited": false, "PrincipalSID": "S-1-5-21-3154413470-3340737026-2748725799-512", "PrincipalType": "Group"}, {"RightName": "GenericAll", "IsInherited": false, "PrincipalSID": "S-1-5-21-3154413470-3340737026-2748725799-519", "PrincipalType": "Group"}, {"RightName": "WriteOwner", "IsInherited": false, "PrincipalSID": "HACKSMARTER.LOCAL-S-1-5-32-544", "PrincipalType": "Group"}, {"RightName": "AllExtendedRights", "IsInherited": false, "PrincipalSID": "HACKSMARTER.LOCAL-S-1-5-32-544", "PrincipalType": "Group"}, {"RightName": "WriteDacl", "IsInherited": false, "PrincipalSID": "HACKSMARTER.LOCAL-S-1-5-32-544", "PrincipalType": "Group"}], "Links": [{"IsEnforced": false, "GUID": "ED2B69A4-9A14-479F-9468-00460148520A"}], "ChildObjects": [{"ObjectIdentifier": "AA90090E-5B95-436A-8619-FAF21D36DE5A", "ObjectType": "Container"}, {"ObjectIdentifier": "DAE2F263-E525-4B6D-B2A9-4ED4436E4849", "ObjectType": "Container"}, {"ObjectIdentifier": "CEB473F4-7F84-4471-94F9-C8494D193573", "ObjectType": "Container"}, {"ObjectIdentifier": "26966196-ACC2-4920-A634-4E1B272C5957", "ObjectType": "OU"}, {"ObjectIdentifier": "8DE083EA-5119-4A8F-A9CB-FD1A4829C932", "ObjectType": "Container"}], "GPOChanges": {"AffectedComputers": [], "DcomUsers": [], "LocalAdmins": [], "PSRemoteUsers": [], "RemoteDesktopUsers": []}, "IsDeleted": false, "IsACLProtected": false}], "meta": {"type": "domains", "count": 1, "version": 5}}