{"data":[{"ObjectIdentifier": "26966196-ACC2-4920-A634-4E1B272C5957", "Properties": {"domain": "HACKSMARTER.LOCAL", "name": "DOMAIN CONTROLLERS@HACKSMARTER.LOCAL", "distinguishedname": "OU=DOMAIN CONTROLLERS,DC=HACKSMARTER,DC=LOCAL", "domainsid": "S-1-5-21-3154413470-3340737026-2748725799", "highvalue": false, "blocksinheritance": false, "description": "Default container for domain controllers", "whencreated": 1758423060}, "IsDeleted": false, "IsACLProtected": false, "Aces": [{"RightName": "Owns", "IsInherited": false, "PrincipalSID": "S-1-5-21-3154413470-3340737026-2748725799-512", "PrincipalType": "Group"}, {"RightName": "GenericWrite", "IsInherited": false, "PrincipalSID": "S-1-5-21-3154413470-3340737026-2748725799-512", "PrincipalType": "Group"}, {"RightName": "WriteOwner", "IsInherited": false, "PrincipalSID": "S-1-5-21-3154413470-3340737026-2748725799-512", "PrincipalType": "Group"}, {"RightName": "WriteDacl", "IsInherited": false, "PrincipalSID": "S-1-5-21-3154413470-3340737026-2748725799-512", "PrincipalType": "Group"}, {"RightName": "GenericAll", "IsInherited": true, "PrincipalSID": "S-1-5-21-3154413470-3340737026-2748725799-519", "PrincipalType": "Group"}, {"RightName": "GenericWrite", "IsInherited": true, "PrincipalSID": "HACKSMARTER.LOCAL-S-1-5-32-544", "PrincipalType": "Group"}, {"RightName": "WriteOwner", "IsInherited": true, "PrincipalSID": "HACKSMARTER.LOCAL-S-1-5-32-544", "PrincipalType": "Group"}, {"RightName": "WriteDacl", "IsInherited": true, "PrincipalSID": "HACKSMARTER.LOCAL-S-1-5-32-544", "PrincipalType": "Group"}], "Links": [{"IsEnforced": false, "GUID": "D0984852-C81E-48F1-86EC-9A30E465673A"}], "ChildObjects": [{"ObjectIdentifier": "S-1-5-21-3154413470-3340737026-2748725799-1000", "ObjectType": "Computer"}], "GPOChanges": {"AffectedComputers": [], "DcomUsers": [], "LocalAdmins": [], "PSRemoteUsers": [], "RemoteDesktopUsers": []}}],"meta":{"methods":0,"type":"ous","count":1, "version":5}}