{"data":[{"ObjectIdentifier": "D0984852-C81E-48F1-86EC-9A30E465673A", "Properties": {"domain": "HACKSMARTER.LOCAL", "name": "DEFAULT DOMAIN CONTROLLERS POLICY@HACKSMARTER.LOCAL", "distinguishedname": "CN={6AC1786C-016F-11D2-945F-00C04FB984F9},CN=POLICIES,CN=SYSTEM,DC=HACKSMARTER,DC=LOCAL", "domainsid": "S-1-5-21-3154413470-3340737026-2748725799", "highvalue": false, "gpcpath": "\\\\HACKSMARTER.LOCAL\\SYSVOL\\HACKSMARTER.LOCAL\\POLICIES\\{6AC1786C-016F-11D2-945F-00C04FB984F9}", "description": "", "whencreated": 1758423059}, "IsDeleted": false, "IsACLProtected": true, "Aces": [{"RightName": "Owns", "IsInherited": false, "PrincipalSID": "S-1-5-21-3154413470-3340737026-2748725799-512", "PrincipalType": "Group"}, {"RightName": "GenericWrite", "IsInherited": false, "PrincipalSID": "S-1-5-21-3154413470-3340737026-2748725799-512", "PrincipalType": "Group"}, {"RightName": "WriteOwner", "IsInherited": false, "PrincipalSID": "S-1-5-21-3154413470-3340737026-2748725799-512", "PrincipalType": "Group"}, {"RightName": "WriteDacl", "IsInherited": false, "PrincipalSID": "S-1-5-21-3154413470-3340737026-2748725799-512", "PrincipalType": "Group"}, {"RightName": "GenericWrite", "IsInherited": false, "PrincipalSID": "S-1-5-21-3154413470-3340737026-2748725799-519", "PrincipalType": "Group"}, {"RightName": "WriteOwner", "IsInherited": false, "PrincipalSID": "S-1-5-21-3154413470-3340737026-2748725799-519", "PrincipalType": "Group"}, {"RightName": "WriteDacl", "IsInherited": false, "PrincipalSID": "S-1-5-21-3154413470-3340737026-2748725799-519", "PrincipalType": "Group"}, {"RightName": "GenericWrite", "IsInherited": false, "PrincipalSID": "S-1-5-21-3154413470-3340737026-2748725799-512", "PrincipalType": "Group"}, {"RightName": "WriteOwner", "IsInherited": false, "PrincipalSID": "S-1-5-21-3154413470-3340737026-2748725799-512", "PrincipalType": "Group"}, {"RightName": "WriteDacl", "IsInherited": false, "PrincipalSID": "S-1-5-21-3154413470-3340737026-2748725799-512", "PrincipalType": "Group"}]},{"ObjectIdentifier": "ED2B69A4-9A14-479F-9468-00460148520A", "Properties": {"domain": "HACKSMARTER.LOCAL", "name": "DEFAULT DOMAIN POLICY@HACKSMARTER.LOCAL", "distinguishedname": "CN={31B2F340-016D-11D2-945F-00C04FB984F9},CN=POLICIES,CN=SYSTEM,DC=HACKSMARTER,DC=LOCAL", "domainsid": "S-1-5-21-3154413470-3340737026-2748725799", "highvalue": false, "gpcpath": "\\\\HACKSMARTER.LOCAL\\SYSVOL\\HACKSMARTER.LOCAL\\POLICIES\\{31B2F340-016D-11D2-945F-00C04FB984F9}", "description": "", "whencreated": 1758423059}, "IsDeleted": false, "IsACLProtected": true, "Aces": [{"RightName": "Owns", "IsInherited": false, "PrincipalSID": "S-1-5-21-3154413470-3340737026-2748725799-512", "PrincipalType": "Group"}, {"RightName": "GenericWrite", "IsInherited": false, "PrincipalSID": "S-1-5-21-3154413470-3340737026-2748725799-512", "PrincipalType": "Group"}, {"RightName": "WriteOwner", "IsInherited": false, "PrincipalSID": "S-1-5-21-3154413470-3340737026-2748725799-512", "PrincipalType": "Group"}, {"RightName": "WriteDacl", "IsInherited": false, "PrincipalSID": "S-1-5-21-3154413470-3340737026-2748725799-512", "PrincipalType": "Group"}, {"RightName": "GenericWrite", "IsInherited": false, "PrincipalSID": "S-1-5-21-3154413470-3340737026-2748725799-519", "PrincipalType": "Group"}, {"RightName": "WriteOwner", "IsInherited": false, "PrincipalSID": "S-1-5-21-3154413470-3340737026-2748725799-519", "PrincipalType": "Group"}, {"RightName": "WriteDacl", "IsInherited": false, "PrincipalSID": "S-1-5-21-3154413470-3340737026-2748725799-519", "PrincipalType": "Group"}, {"RightName": "GenericWrite", "IsInherited": false, "PrincipalSID": "S-1-5-21-3154413470-3340737026-2748725799-512", "PrincipalType": "Group"}, {"RightName": "WriteOwner", "IsInherited": false, "PrincipalSID": "S-1-5-21-3154413470-3340737026-2748725799-512", "PrincipalType": "Group"}, {"RightName": "WriteDacl", "IsInherited": false, "PrincipalSID": "S-1-5-21-3154413470-3340737026-2748725799-512", "PrincipalType": "Group"}]}],"meta":{"methods":0,"type":"gpos","count":2, "version":5}}