{"data":[{"ObjectIdentifier": "9CD3ADD6-6D8A-414D-B34F-0AB2710E932A", "Properties": {"domain": "HACKSMARTER.LOCAL", "name": "WMIGPO@HACKSMARTER.LOCAL", "distinguishedname": "CN=WMIGPO,CN=WMIPOLICY,CN=SYSTEM,DC=HACKSMARTER,DC=LOCAL", "domainsid": "S-1-5-21-3154413470-3340737026-2748725799", "highvalue": false, "description": "", "whencreated": 1758423059}, "IsDeleted": false, "IsACLProtected": false, "Aces": [{"RightName": "Owns", "IsInherited": false, "PrincipalSID": "S-1-5-21-3154413470-3340737026-2748725799-512", "PrincipalType": "Group"}, {"RightName": "WriteOwner", "IsInherited": false, "PrincipalSID": "S-1-5-21-3154413470-3340737026-2748725799-512", "PrincipalType": "Group"}, {"RightName": "WriteDacl", "IsInherited": false, "PrincipalSID": "S-1-5-21-3154413470-3340737026-2748725799-512", "PrincipalType": "Group"}, {"RightName": "GenericAll", "IsInherited": true, "PrincipalSID": "S-1-5-21-3154413470-3340737026-2748725799-519", "PrincipalType": "Group"}, {"RightName": "GenericAll", "IsInherited": true, "PrincipalSID": "S-1-5-21-3154413470-3340737026-2748725799-512", "PrincipalType": "Group"}], "ChildObjects": []},{"ObjectIdentifier": "44117E5C-C745-4F2E-A91D-52D6F66426E4", "Properties": {"domain": "HACKSMARTER.LOCAL", "name": "POLICYTYPE@HACKSMARTER.LOCAL", "distinguishedname": "CN=POLICYTYPE,CN=WMIPOLICY,CN=SYSTEM,DC=HACKSMARTER,DC=LOCAL", "domainsid": "S-1-5-21-3154413470-3340737026-2748725799", "highvalue": false, "description": "", "whencreated": 1758423059}, "IsDeleted": false, "IsACLProtected": false, "Aces": [{"RightName": "Owns", "IsInherited": false, "PrincipalSID": "S-1-5-21-3154413470-3340737026-2748725799-512", "PrincipalType": "Group"}, {"RightName": "WriteOwner", "IsInherited": false, "PrincipalSID": "S-1-5-21-3154413470-3340737026-2748725799-512", "PrincipalType": "Group"}, {"RightName": "WriteDacl", "IsInherited": false, "PrincipalSID": "S-1-5-21-3154413470-3340737026-2748725799-512", "PrincipalType": "Group"}, {"RightName": "GenericAll", "IsInherited": true, "PrincipalSID": "S-1-5-21-3154413470-3340737026-2748725799-519", "PrincipalType": "Group"}, {"RightName": "GenericAll", "IsInherited": true, "PrincipalSID": "S-1-5-21-3154413470-3340737026-2748725799-512", "PrincipalType": "Group"}], "ChildObjects": []},{"ObjectIdentifier": "CCCD7EEA-967D-41A4-B63A-FFBBBF9DCAF0", "Properties": {"domain": "HACKSMARTER.LOCAL", "name": "SOM@HACKSMARTER.LOCAL", "distinguishedname": "CN=SOM,CN=WMIPOLICY,CN=SYSTEM,DC=HACKSMARTER,DC=LOCAL", "domainsid": "S-1-5-21-3154413470-3340737026-2748725799", "highvalue": false, "description": "", "whencreated": 1758423059}, "IsDeleted": false, "IsACLProtected": true, "Aces": [{"RightName": "Owns", "IsInherited": false, "PrincipalSID": "S-1-5-21-3154413470-3340737026-2748725799-512", "PrincipalType": "Group"}, {"RightName": "GenericAll", "IsInherited": false, "PrincipalSID": "S-1-5-21-3154413470-3340737026-2748725799-512", "PrincipalType": "Group"}, {"RightName": "GenericAll", "IsInherited": false, "PrincipalSID": "S-1-5-21-3154413470-3340737026-2748725799-519", "PrincipalType": "Group"}], "ChildObjects": []},{"ObjectIdentifier": "6A447724-345A-4045-B274-1D9A46AB1A21", "Properties": {"domain": "HACKSMARTER.LOCAL", "name": "POLICYTEMPLATE@HACKSMARTER.LOCAL", "distinguishedname": "CN=POLICYTEMPLATE,CN=WMIPOLICY,CN=SYSTEM,DC=HACKSMARTER,DC=LOCAL", "domainsid": "S-1-5-21-3154413470-3340737026-2748725799", "highvalue": false, "description": "", "whencreated": 1758423059}, "IsDeleted": false, "IsACLProtected": false, "Aces": [{"RightName": "Owns", "IsInherited": false, "PrincipalSID": "S-1-5-21-3154413470-3340737026-2748725799-512", "PrincipalType": "Group"}, {"RightName": "WriteOwner", "IsInherited": false, "PrincipalSID": "S-1-5-21-3154413470-3340737026-2748725799-512", "PrincipalType": "Group"}, {"RightName": "WriteDacl", "IsInherited": false, "PrincipalSID": "S-1-5-21-3154413470-3340737026-2748725799-512", "PrincipalType": "Group"}, {"RightName": "GenericAll", "IsInherited": true, "PrincipalSID": "S-1-5-21-3154413470-3340737026-2748725799-519", "PrincipalType": "Group"}, {"RightName": "GenericAll", "IsInherited": true, "PrincipalSID": "S-1-5-21-3154413470-3340737026-2748725799-512", "PrincipalType": "Group"}], "ChildObjects": []},{"ObjectIdentifier": "DB29E927-E3BB-446E-833E-003FF72BECFC", "Properties": {"domain": "HACKSMARTER.LOCAL", "name": "WMIPOLICY@HACKSMARTER.LOCAL", "distinguishedname": "CN=WMIPOLICY,CN=SYSTEM,DC=HACKSMARTER,DC=LOCAL", "domainsid": "S-1-5-21-3154413470-3340737026-2748725799", "highvalue": false, "description": "", "whencreated": 1758423059}, "IsDeleted": false, "IsACLProtected": true, "Aces": [{"RightName": "Owns", "IsInherited": false, "PrincipalSID": "S-1-5-21-3154413470-3340737026-2748725799-512", "PrincipalType": "Group"}, {"RightName": "GenericAll", "IsInherited": false, "PrincipalSID": "S-1-5-21-3154413470-3340737026-2748725799-519", "PrincipalType": "Group"}, {"RightName": "GenericAll", "IsInherited": false, "PrincipalSID": "S-1-5-21-3154413470-3340737026-2748725799-512", "PrincipalType": "Group"}], "ChildObjects": []},{"ObjectIdentifier": "F7C24109-D990-4B02-BF2E-8A7CE637F978", "Properties": {"domain": "HACKSMARTER.LOCAL", "name": "COMPARTITIONSETS@HACKSMARTER.LOCAL", "distinguishedname": "CN=COMPARTITIONSETS,CN=SYSTEM,DC=HACKSMARTER,DC=LOCAL", "domainsid": "S-1-5-21-3154413470-3340737026-2748725799", "highvalue": false, "description": "", "whencreated": 1758423059}, "IsDeleted": false, "IsACLProtected": false, "Aces": [{"RightName": "Owns", "IsInherited": false, "PrincipalSID": "S-1-5-21-3154413470-3340737026-2748725799-512", "PrincipalType": "Group"}, {"RightName": "WriteOwner", "IsInherited": false, "PrincipalSID": "S-1-5-21-3154413470-3340737026-2748725799-512", "PrincipalType": "Group"}, {"RightName": "WriteDacl", "IsInherited": false, "PrincipalSID": "S-1-5-21-3154413470-3340737026-2748725799-512", "PrincipalType": "Group"}, {"RightName": "GenericAll", "IsInherited": true, "PrincipalSID": "S-1-5-21-3154413470-3340737026-2748725799-519", "PrincipalType": "Group"}, {"RightName": "WriteOwner", "IsInherited": true, "PrincipalSID": "HACKSMARTER.LOCAL-S-1-5-32-544", "PrincipalType": "Group"}, {"RightName": "WriteDacl", "IsInherited": true, "PrincipalSID": "HACKSMARTER.LOCAL-S-1-5-32-544", "PrincipalType": "Group"}], "ChildObjects": []},{"ObjectIdentifier": "C32298F3-44A2-4317-822E-21CFAAABD670", "Properties": {"domain": "HACKSMARTER.LOCAL", "name": "COMPARTITIONS@HACKSMARTER.LOCAL", "distinguishedname": "CN=COMPARTITIONS,CN=SYSTEM,DC=HACKSMARTER,DC=LOCAL", "domainsid": "S-1-5-21-3154413470-3340737026-2748725799", "highvalue": false, "description": "", "whencreated": 1758423059}, "IsDeleted": false, "IsACLProtected": false, "Aces": [{"RightName": "Owns", "IsInherited": false, "PrincipalSID": "S-1-5-21-3154413470-3340737026-2748725799-512", "PrincipalType": "Group"}, {"RightName": "WriteOwner", "IsInherited": false, "PrincipalSID": "S-1-5-21-3154413470-3340737026-2748725799-512", "PrincipalType": "Group"}, {"RightName": "WriteDacl", "IsInherited": false, "PrincipalSID": "S-1-5-21-3154413470-3340737026-2748725799-512", "PrincipalType": "Group"}, {"RightName": "GenericAll", "IsInherited": true, "PrincipalSID": "S-1-5-21-3154413470-3340737026-2748725799-519", "PrincipalType": "Group"}, {"RightName": "WriteOwner", "IsInherited": true, "PrincipalSID": "HACKSMARTER.LOCAL-S-1-5-32-544", "PrincipalType": "Group"}, {"RightName": "WriteDacl", "IsInherited": true, "PrincipalSID": "HACKSMARTER.LOCAL-S-1-5-32-544", "PrincipalType": "Group"}], "ChildObjects": []},{"ObjectIdentifier": "14BBB3BA-A425-42FD-B47D-0870D30F80A4", "Properties": {"domain": "HACKSMARTER.LOCAL", "name": "ADMINSDHOLDER@HACKSMARTER.LOCAL", "distinguishedname": "CN=ADMINSDHOLDER,CN=SYSTEM,DC=HACKSMARTER,DC=LOCAL", "domainsid": "S-1-5-21-3154413470-3340737026-2748725799", "highvalue": false, "description": "", "whencreated": 1758423059}, "IsDeleted": false, "IsACLProtected": true, "Aces": [{"RightName": "Owns", "IsInherited": false, "PrincipalSID": "S-1-5-21-3154413470-3340737026-2748725799-512", "PrincipalType": "Group"}, {"RightName": "WriteOwner", "IsInherited": false, "PrincipalSID": "S-1-5-21-3154413470-3340737026-2748725799-512", "PrincipalType": "Group"}, {"RightName": "WriteDacl", "IsInherited": false, "PrincipalSID": "S-1-5-21-3154413470-3340737026-2748725799-512", "PrincipalType": "Group"}, {"RightName": "WriteOwner", "IsInherited": false, "PrincipalSID": "S-1-5-21-3154413470-3340737026-2748725799-519", "PrincipalType": "Group"}, {"RightName": "WriteDacl", "IsInherited": false, "PrincipalSID": "S-1-5-21-3154413470-3340737026-2748725799-519", "PrincipalType": "Group"}, {"RightName": "WriteOwner", "IsInherited": false, "PrincipalSID": "HACKSMARTER.LOCAL-S-1-5-32-544", "PrincipalType": "Group"}, {"RightName": "WriteDacl", "IsInherited": false, "PrincipalSID": "HACKSMARTER.LOCAL-S-1-5-32-544", "PrincipalType": "Group"}], "ChildObjects": []},{"ObjectIdentifier": "8E27A2BF-1BC8-418D-B42A-0A90814AAFE9", "Properties": {"domain": "HACKSMARTER.LOCAL", "name": "RAS AND IAS SERVERS ACCESS CHECK@HACKSMARTER.LOCAL", "distinguishedname": "CN=RAS AND IAS SERVERS ACCESS CHECK,CN=SYSTEM,DC=HACKSMARTER,DC=LOCAL", "domainsid": "S-1-5-21-3154413470-3340737026-2748725799", "highvalue": false, "description": "", "whencreated": 1758423059}, "IsDeleted": false, "IsACLProtected": false, "Aces": [{"RightName": "Owns", "IsInherited": false, "PrincipalSID": "S-1-5-21-3154413470-3340737026-2748725799-512", "PrincipalType": "Group"}, {"RightName": "WriteOwner", "IsInherited": false, "PrincipalSID": "S-1-5-21-3154413470-3340737026-2748725799-553", "PrincipalType": "Group"}, {"RightName": "WriteDacl", "IsInherited": false, "PrincipalSID": "S-1-5-21-3154413470-3340737026-2748725799-553", "PrincipalType": "Group"}, {"RightName": "GenericAll", "IsInherited": true, "PrincipalSID": "S-1-5-21-3154413470-3340737026-2748725799-519", "PrincipalType": "Group"}, {"RightName": "WriteOwner", "IsInherited": true, "PrincipalSID": "HACKSMARTER.LOCAL-S-1-5-32-544", "PrincipalType": "Group"}, {"RightName": "WriteDacl", "IsInherited": true, "PrincipalSID": "HACKSMARTER.LOCAL-S-1-5-32-544", "PrincipalType": "Group"}], "ChildObjects": []},{"ObjectIdentifier": "B345788A-2A57-45A6-8509-435680228D1B", "Properties": {"domain": "HACKSMARTER.LOCAL", "name": "POLICIES@HACKSMARTER.LOCAL", "distinguishedname": "CN=POLICIES,CN=SYSTEM,DC=HACKSMARTER,DC=LOCAL", "domainsid": "S-1-5-21-3154413470-3340737026-2748725799", "highvalue": false, "description": "", "whencreated": 1758423059}, "IsDeleted": false, "IsACLProtected": false, "Aces": [{"RightName": "Owns", "IsInherited": false, "PrincipalSID": "S-1-5-21-3154413470-3340737026-2748725799-512", "PrincipalType": "Group"}, {"RightName": "WriteOwner", "IsInherited": false, "PrincipalSID": "S-1-5-21-3154413470-3340737026-2748725799-512", "PrincipalType": "Group"}, {"RightName": "WriteDacl", "IsInherited": false, "PrincipalSID": "S-1-5-21-3154413470-3340737026-2748725799-512", "PrincipalType": "Group"}, {"RightName": "GenericAll", "IsInherited": true, "PrincipalSID": "S-1-5-21-3154413470-3340737026-2748725799-519", "PrincipalType": "Group"}, {"RightName": "WriteOwner", "IsInherited": true, "PrincipalSID": "HACKSMARTER.LOCAL-S-1-5-32-544", "PrincipalType": "Group"}, {"RightName": "WriteDacl", "IsInherited": true, "PrincipalSID": "HACKSMARTER.LOCAL-S-1-5-32-544", "PrincipalType": "Group"}], "ChildObjects": []},{"ObjectIdentifier": "48B79DF6-EB84-4C9F-B174-A8A3961B4450", "Properties": {"domain": "HACKSMARTER.LOCAL", "name": "MEETINGS@HACKSMARTER.LOCAL", "distinguishedname": "CN=MEETINGS,CN=SYSTEM,DC=HACKSMARTER,DC=LOCAL", "domainsid": "S-1-5-21-3154413470-3340737026-2748725799", "highvalue": false, "description": "", "whencreated": 1758423059}, "IsDeleted": false, "IsACLProtected": false, "Aces": [{"RightName": "Owns", "IsInherited": false, "PrincipalSID": "S-1-5-21-3154413470-3340737026-2748725799-512", "PrincipalType": "Group"}, {"RightName": "WriteOwner", "IsInherited": false, "PrincipalSID": "S-1-5-21-3154413470-3340737026-2748725799-512", "PrincipalType": "Group"}, {"RightName": "WriteDacl", "IsInherited": false, "PrincipalSID": "S-1-5-21-3154413470-3340737026-2748725799-512", "PrincipalType": "Group"}, {"RightName": "GenericAll", "IsInherited": true, "PrincipalSID": "S-1-5-21-3154413470-3340737026-2748725799-519", "PrincipalType": "Group"}, {"RightName": "WriteOwner", "IsInherited": true, "PrincipalSID": "HACKSMARTER.LOCAL-S-1-5-32-544", "PrincipalType": "Group"}, {"RightName": "WriteDacl", "IsInherited": true, "PrincipalSID": "HACKSMARTER.LOCAL-S-1-5-32-544", "PrincipalType": "Group"}], "ChildObjects": []},{"ObjectIdentifier": "830DF4CF-BE36-4BE7-9031-19489BF92329", "Properties": {"domain": "HACKSMARTER.LOCAL", "name": "WINSOCKSERVICES@HACKSMARTER.LOCAL", "distinguishedname": "CN=WINSOCKSERVICES,CN=SYSTEM,DC=HACKSMARTER,DC=LOCAL", "domainsid": "S-1-5-21-3154413470-3340737026-2748725799", "highvalue": false, "description": "", "whencreated": 1758423059}, "IsDeleted": false, "IsACLProtected": false, "Aces": [{"RightName": "Owns", "IsInherited": false, "PrincipalSID": "S-1-5-21-3154413470-3340737026-2748725799-512", "PrincipalType": "Group"}, {"RightName": "WriteOwner", "IsInherited": false, "PrincipalSID": "S-1-5-21-3154413470-3340737026-2748725799-512", "PrincipalType": "Group"}, {"RightName": "WriteDacl", "IsInherited": false, "PrincipalSID": "S-1-5-21-3154413470-3340737026-2748725799-512", "PrincipalType": "Group"}, {"RightName": "GenericAll", "IsInherited": true, "PrincipalSID": "S-1-5-21-3154413470-3340737026-2748725799-519", "PrincipalType": "Group"}, {"RightName": "WriteOwner", "IsInherited": true, "PrincipalSID": "HACKSMARTER.LOCAL-S-1-5-32-544", "PrincipalType": "Group"}, {"RightName": "WriteDacl", "IsInherited": true, "PrincipalSID": "HACKSMARTER.LOCAL-S-1-5-32-544", "PrincipalType": "Group"}], "ChildObjects": []},{"ObjectIdentifier": "DAE2F263-E525-4B6D-B2A9-4ED4436E4849", "Properties": {"domain": "HACKSMARTER.LOCAL", "name": "MANAGED SERVICE ACCOUNTS@HACKSMARTER.LOCAL", "distinguishedname": "CN=MANAGED SERVICE ACCOUNTS,DC=HACKSMARTER,DC=LOCAL", "domainsid": "S-1-5-21-3154413470-3340737026-2748725799", "highvalue": false, "description": "Default container for managed service accounts", "whencreated": 1758423060}, "IsDeleted": false, "IsACLProtected": false, "Aces": [{"RightName": "Owns", "IsInherited": false, "PrincipalSID": "S-1-5-21-3154413470-3340737026-2748725799-512", "PrincipalType": "Group"}, {"RightName": "WriteOwner", "IsInherited": false, "PrincipalSID": "S-1-5-21-3154413470-3340737026-2748725799-512", "PrincipalType": "Group"}, {"RightName": "WriteDacl", "IsInherited": false, "PrincipalSID": "S-1-5-21-3154413470-3340737026-2748725799-512", "PrincipalType": "Group"}, {"RightName": "GenericAll", "IsInherited": true, "PrincipalSID": "S-1-5-21-3154413470-3340737026-2748725799-519", "PrincipalType": "Group"}, {"RightName": "WriteOwner", "IsInherited": true, "PrincipalSID": "HACKSMARTER.LOCAL-S-1-5-32-544", "PrincipalType": "Group"}, {"RightName": "WriteDacl", "IsInherited": true, "PrincipalSID": "HACKSMARTER.LOCAL-S-1-5-32-544", "PrincipalType": "Group"}], "ChildObjects": []},{"ObjectIdentifier": "B17C7C4E-6C94-48BC-B958-7FA727492D5C", "Properties": {"domain": "HACKSMARTER.LOCAL", "name": "MICROSOFT@HACKSMARTER.LOCAL", "distinguishedname": "CN=MICROSOFT,CN=PROGRAM DATA,DC=HACKSMARTER,DC=LOCAL", "domainsid": "S-1-5-21-3154413470-3340737026-2748725799", "highvalue": false, "description": "Default location for storage of Microsoft application data.", "whencreated": 1758423060}, "IsDeleted": false, "IsACLProtected": false, "Aces": [{"RightName": "Owns", "IsInherited": false, "PrincipalSID": "S-1-5-21-3154413470-3340737026-2748725799-512", "PrincipalType": "Group"}, {"RightName": "GenericAll", "IsInherited": false, "PrincipalSID": "S-1-5-21-3154413470-3340737026-2748725799-512", "PrincipalType": "Group"}, {"RightName": "GenericAll", "IsInherited": true, "PrincipalSID": "S-1-5-21-3154413470-3340737026-2748725799-519", "PrincipalType": "Group"}, {"RightName": "WriteOwner", "IsInherited": true, "PrincipalSID": "HACKSMARTER.LOCAL-S-1-5-32-544", "PrincipalType": "Group"}, {"RightName": "WriteDacl", "IsInherited": true, "PrincipalSID": "HACKSMARTER.LOCAL-S-1-5-32-544", "PrincipalType": "Group"}], "ChildObjects": []},{"ObjectIdentifier": "5F5F64A4-1288-4E8D-A9BD-936D3E381298", "Properties": {"domain": "HACKSMARTER.LOCAL", "name": "PROGRAM DATA@HACKSMARTER.LOCAL", "distinguishedname": "CN=PROGRAM DATA,DC=HACKSMARTER,DC=LOCAL", "domainsid": "S-1-5-21-3154413470-3340737026-2748725799", "highvalue": false, "description": "Default location for storage of application data.", "whencreated": 1758423060}, "IsDeleted": false, "IsACLProtected": false, "Aces": [{"RightName": "Owns", "IsInherited": false, "PrincipalSID": "S-1-5-21-3154413470-3340737026-2748725799-512", "PrincipalType": "Group"}, {"RightName": "GenericAll", "IsInherited": false, "PrincipalSID": "S-1-5-21-3154413470-3340737026-2748725799-512", "PrincipalType": "Group"}, {"RightName": "GenericAll", "IsInherited": true, "PrincipalSID": "S-1-5-21-3154413470-3340737026-2748725799-519", "PrincipalType": "Group"}, {"RightName": "WriteOwner", "IsInherited": true, "PrincipalSID": "HACKSMARTER.LOCAL-S-1-5-32-544", "PrincipalType": "Group"}, {"RightName": "WriteDacl", "IsInherited": true, "PrincipalSID": "HACKSMARTER.LOCAL-S-1-5-32-544", "PrincipalType": "Group"}], "ChildObjects": []},{"ObjectIdentifier": "CEB473F4-7F84-4471-94F9-C8494D193573", "Properties": {"domain": "HACKSMARTER.LOCAL", "name": "FOREIGNSECURITYPRINCIPALS@HACKSMARTER.LOCAL", "distinguishedname": "CN=FOREIGNSECURITYPRINCIPALS,DC=HACKSMARTER,DC=LOCAL", "domainsid": "S-1-5-21-3154413470-3340737026-2748725799", "highvalue": false, "description": "Default container for security identifiers (SIDs) associated with objects from external, trusted domains", "whencreated": 1758423060}, "IsDeleted": false, "IsACLProtected": false, "Aces": [{"RightName": "Owns", "IsInherited": false, "PrincipalSID": "S-1-5-21-3154413470-3340737026-2748725799-512", "PrincipalType": "Group"}, {"RightName": "GenericAll", "IsInherited": false, "PrincipalSID": "S-1-5-21-3154413470-3340737026-2748725799-512", "PrincipalType": "Group"}, {"RightName": "GenericAll", "IsInherited": true, "PrincipalSID": "S-1-5-21-3154413470-3340737026-2748725799-519", "PrincipalType": "Group"}, {"RightName": "WriteOwner", "IsInherited": true, "PrincipalSID": "HACKSMARTER.LOCAL-S-1-5-32-544", "PrincipalType": "Group"}, {"RightName": "WriteDacl", "IsInherited": true, "PrincipalSID": "HACKSMARTER.LOCAL-S-1-5-32-544", "PrincipalType": "Group"}], "ChildObjects": []},{"ObjectIdentifier": "39B333F1-10C9-49CF-B577-4BF2474B86FF", "Properties": {"domain": "HACKSMARTER.LOCAL", "name": "SYSTEM@HACKSMARTER.LOCAL", "distinguishedname": "CN=SYSTEM,DC=HACKSMARTER,DC=LOCAL", "domainsid": "S-1-5-21-3154413470-3340737026-2748725799", "highvalue": false, "description": "Builtin system settings", "whencreated": 1758423059}, "IsDeleted": false, "IsACLProtected": false, "Aces": [{"RightName": "Owns", "IsInherited": false, "PrincipalSID": "S-1-5-21-3154413470-3340737026-2748725799-512", "PrincipalType": "Group"}, {"RightName": "WriteOwner", "IsInherited": false, "PrincipalSID": "S-1-5-21-3154413470-3340737026-2748725799-512", "PrincipalType": "Group"}, {"RightName": "WriteDacl", "IsInherited": false, "PrincipalSID": "S-1-5-21-3154413470-3340737026-2748725799-512", "PrincipalType": "Group"}, {"RightName": "GenericAll", "IsInherited": true, "PrincipalSID": "S-1-5-21-3154413470-3340737026-2748725799-519", "PrincipalType": "Group"}, {"RightName": "WriteOwner", "IsInherited": true, "PrincipalSID": "HACKSMARTER.LOCAL-S-1-5-32-544", "PrincipalType": "Group"}, {"RightName": "WriteDacl", "IsInherited": true, "PrincipalSID": "HACKSMARTER.LOCAL-S-1-5-32-544", "PrincipalType": "Group"}], "ChildObjects": []},{"ObjectIdentifier": "8DE083EA-5119-4A8F-A9CB-FD1A4829C932", "Properties": {"domain": "HACKSMARTER.LOCAL", "name": "COMPUTERS@HACKSMARTER.LOCAL", "distinguishedname": "CN=COMPUTERS,DC=HACKSMARTER,DC=LOCAL", "domainsid": "S-1-5-21-3154413470-3340737026-2748725799", "highvalue": false, "description": "Default container for upgraded computer accounts", "whencreated": 1758423059}, "IsDeleted": false, "IsACLProtected": false, "Aces": [{"RightName": "Owns", "IsInherited": false, "PrincipalSID": "S-1-5-21-3154413470-3340737026-2748725799-512", "PrincipalType": "Group"}, {"RightName": "WriteOwner", "IsInherited": false, "PrincipalSID": "S-1-5-21-3154413470-3340737026-2748725799-512", "PrincipalType": "Group"}, {"RightName": "WriteDacl", "IsInherited": false, "PrincipalSID": "S-1-5-21-3154413470-3340737026-2748725799-512", "PrincipalType": "Group"}, {"RightName": "GenericAll", "IsInherited": true, "PrincipalSID": "S-1-5-21-3154413470-3340737026-2748725799-519", "PrincipalType": "Group"}, {"RightName": "WriteOwner", "IsInherited": true, "PrincipalSID": "HACKSMARTER.LOCAL-S-1-5-32-544", "PrincipalType": "Group"}, {"RightName": "WriteDacl", "IsInherited": true, "PrincipalSID": "HACKSMARTER.LOCAL-S-1-5-32-544", "PrincipalType": "Group"}], "ChildObjects": []},{"ObjectIdentifier": "AA90090E-5B95-436A-8619-FAF21D36DE5A", "Properties": {"domain": "HACKSMARTER.LOCAL", "name": "USERS@HACKSMARTER.LOCAL", "distinguishedname": "CN=USERS,DC=HACKSMARTER,DC=LOCAL", "domainsid": "S-1-5-21-3154413470-3340737026-2748725799", "highvalue": false, "description": "Default container for upgraded user accounts", "whencreated": 1758423059}, "IsDeleted": false, "IsACLProtected": false, "Aces": [{"RightName": "Owns", "IsInherited": false, "PrincipalSID": "S-1-5-21-3154413470-3340737026-2748725799-512", "PrincipalType": "Group"}, {"RightName": "WriteOwner", "IsInherited": false, "PrincipalSID": "S-1-5-21-3154413470-3340737026-2748725799-512", "PrincipalType": "Group"}, {"RightName": "WriteDacl", "IsInherited": false, "PrincipalSID": "S-1-5-21-3154413470-3340737026-2748725799-512", "PrincipalType": "Group"}, {"RightName": "GenericAll", "IsInherited": true, "PrincipalSID": "S-1-5-21-3154413470-3340737026-2748725799-519", "PrincipalType": "Group"}, {"RightName": "WriteOwner", "IsInherited": true, "PrincipalSID": "HACKSMARTER.LOCAL-S-1-5-32-544", "PrincipalType": "Group"}, {"RightName": "WriteDacl", "IsInherited": true, "PrincipalSID": "HACKSMARTER.LOCAL-S-1-5-32-544", "PrincipalType": "Group"}], "ChildObjects": [{"ObjectIdentifier": "S-1-5-21-3154413470-3340737026-2748725799-1117", "ObjectType": "User"}, {"ObjectIdentifier": "S-1-5-21-3154413470-3340737026-2748725799-1129", "ObjectType": "User"}, {"ObjectIdentifier": "S-1-5-21-3154413470-3340737026-2748725799-1144", "ObjectType": "User"}, {"ObjectIdentifier": "S-1-5-21-3154413470-3340737026-2748725799-518", "ObjectType": "Group"}, {"ObjectIdentifier": "S-1-5-21-3154413470-3340737026-2748725799-1601", "ObjectType": "User"}, {"ObjectIdentifier": "S-1-5-21-3154413470-3340737026-2748725799-521", "ObjectType": "Group"}, {"ObjectIdentifier": "S-1-5-21-3154413470-3340737026-2748725799-553", "ObjectType": "Group"}, {"ObjectIdentifier": "S-1-5-21-3154413470-3340737026-2748725799-525", "ObjectType": "Group"}, {"ObjectIdentifier": "S-1-5-21-3154413470-3340737026-2748725799-1149", "ObjectType": "User"}, {"ObjectIdentifier": "S-1-5-21-3154413470-3340737026-2748725799-502", "ObjectType": "User"}, {"ObjectIdentifier": "S-1-5-21-3154413470-3340737026-2748725799-526", "ObjectType": "Group"}, {"ObjectIdentifier": "S-1-5-21-3154413470-3340737026-2748725799-1134", "ObjectType": "User"}, {"ObjectIdentifier": "S-1-5-21-3154413470-3340737026-2748725799-1132", "ObjectType": "User"}, {"ObjectIdentifier": "S-1-5-21-3154413470-3340737026-2748725799-1125", "ObjectType": "User"}, {"ObjectIdentifier": "S-1-5-21-3154413470-3340737026-2748725799-501", "ObjectType": "User"}, {"ObjectIdentifier": "S-1-5-21-3154413470-3340737026-2748725799-520", "ObjectType": "Group"}, {"ObjectIdentifier": "S-1-5-21-3154413470-3340737026-2748725799-1111", "ObjectType": "User"}, {"ObjectIdentifier": "S-1-5-21-3154413470-3340737026-2748725799-1126", "ObjectType": "User"}, {"ObjectIdentifier": "S-1-5-21-3154413470-3340737026-2748725799-498", "ObjectType": "Group"}, {"ObjectIdentifier": "S-1-5-21-3154413470-3340737026-2748725799-527", "ObjectType": "Group"}, {"ObjectIdentifier": "S-1-5-21-3154413470-3340737026-2748725799-519", "ObjectType": "Group"}, {"ObjectIdentifier": "S-1-5-21-3154413470-3340737026-2748725799-513", "ObjectType": "Group"}, {"ObjectIdentifier": "S-1-5-21-3154413470-3340737026-2748725799-514", "ObjectType": "Group"}, {"ObjectIdentifier": "S-1-5-21-3154413470-3340737026-2748725799-516", "ObjectType": "Group"}, {"ObjectIdentifier": "S-1-5-21-3154413470-3340737026-2748725799-515", "ObjectType": "Group"}, {"ObjectIdentifier": "S-1-5-21-3154413470-3340737026-2748725799-512", "ObjectType": "Group"}, {"ObjectIdentifier": "S-1-5-21-3154413470-3340737026-2748725799-1102", "ObjectType": "Group"}, {"ObjectIdentifier": "S-1-5-21-3154413470-3340737026-2748725799-1101", "ObjectType": "Group"}, {"ObjectIdentifier": "S-1-5-21-3154413470-3340737026-2748725799-572", "ObjectType": "Group"}, {"ObjectIdentifier": "S-1-5-21-3154413470-3340737026-2748725799-522", "ObjectType": "Group"}, {"ObjectIdentifier": "S-1-5-21-3154413470-3340737026-2748725799-517", "ObjectType": "Group"}, {"ObjectIdentifier": "S-1-5-21-3154413470-3340737026-2748725799-1113", "ObjectType": "User"}, {"ObjectIdentifier": "S-1-5-21-3154413470-3340737026-2748725799-571", "ObjectType": "Group"}, {"ObjectIdentifier": "S-1-5-21-3154413470-3340737026-2748725799-500", "ObjectType": "User"}, {"ObjectIdentifier": "S-1-5-21-3154413470-3340737026-2748725799-1128", "ObjectType": "User"}]}],"meta":{"methods":0,"type":"containers","count":19, "version":5}}