{"data":[{"ObjectIdentifier": "S-1-5-21-3154413470-3340737026-2748725799-1000", "AllowedToAct": [], "PrimaryGroupSID": "S-1-5-21-3154413470-3340737026-2748725799-516", "LocalAdmins": {"Collected": true, "FailureReason": null, "Results": [{"ObjectIdentifier": "S-1-5-21-3154413470-3340737026-2748725799-500", "ObjectType": "User"}, {"ObjectIdentifier": "S-1-5-21-3154413470-3340737026-2748725799-519", "ObjectType": "Group"}, {"ObjectIdentifier": "S-1-5-21-3154413470-3340737026-2748725799-512", "ObjectType": "Group"}]}, "PSRemoteUsers": {"Collected": true, "FailureReason": null, "Results": [{"ObjectIdentifier": "S-1-5-21-3154413470-3340737026-2748725799-1117", "ObjectType": "User"}]}, "Properties": {"name": "DC01.HACKSMARTER.LOCAL", "domainsid": "S-1-5-21-3154413470-3340737026-2748725799", "domain": "HACKSMARTER.LOCAL", "distinguishedname": "CN=DC01,OU=DOMAIN CONTROLLERS,DC=HACKSMARTER,DC=LOCAL", "unconstraineddelegation": true, "enabled": true, "trustedtoauth": false, "samaccountname": "DC01$", "haslaps": false, "lastlogon": 1760645883, "lastlogontimestamp": 1760645883, "pwdlastset": 1758423132, "whencreated": 1758423103, "serviceprincipalnames": ["Dfsr-12F9A27C-BF97-4787-9364-D31B6C55EB04/DC01.hacksmarter.local", "TERMSRV/DC01", "TERMSRV/DC01.hacksmarter.local", "ldap/DC01.hacksmarter.local/ForestDnsZones.hacksmarter.local", "ldap/DC01.hacksmarter.local/DomainDnsZones.hacksmarter.local", "DNS/DC01.hacksmarter.local", "GC/DC01.hacksmarter.local/hacksmarter.local", "RestrictedKrbHost/DC01.hacksmarter.local", "RestrictedKrbHost/DC01", "RPC/79019856-cdca-4edc-91a3-333d7265abc4._msdcs.hacksmarter.local", "HOST/DC01/HACKSMARTER", "HOST/DC01.hacksmarter.local/HACKSMARTER", "HOST/DC01", "HOST/DC01.hacksmarter.local", "HOST/DC01.hacksmarter.local/hacksmarter.local", "E3514235-4B06-11D1-AB04-00C04FC2DCD2/79019856-cdca-4edc-91a3-333d7265abc4/hacksmarter.local", "ldap/DC01/HACKSMARTER", "ldap/79019856-cdca-4edc-91a3-333d7265abc4._msdcs.hacksmarter.local", "ldap/DC01.hacksmarter.local/HACKSMARTER", "ldap/DC01", "ldap/DC01.hacksmarter.local", "ldap/DC01.hacksmarter.local/hacksmarter.local"], "description": null, "operatingsystem": "Windows Server 2022 Datacenter", "sidhistory": []}, "RemoteDesktopUsers": {"Collected": true, "FailureReason": null, "Results": [{"ObjectIdentifier": "S-1-5-21-3154413470-3340737026-2748725799-1117", "ObjectType": "User"}]}, "DcomUsers": {"Collected": true, "FailureReason": null, "Results": []}, "AllowedToDelegate": [], "Sessions": {"Collected": true, "FailureReason": null, "Results": []}, "PrivilegedSessions": {"Collected": false, "FailureReason": null, "Results": []}, "RegistrySessions": {"Collected": false, "FailureReason": null, "Results": []}, "Aces": [{"RightName": "Owns", "IsInherited": false, "PrincipalSID": "S-1-5-21-3154413470-3340737026-2748725799-512", "PrincipalType": "Group"}, {"RightName": "GenericAll", "IsInherited": false, "PrincipalSID": "S-1-5-21-3154413470-3340737026-2748725799-512", "PrincipalType": "Group"}, {"RightName": "AddKeyCredentialLink", "IsInherited": true, "PrincipalSID": "S-1-5-21-3154413470-3340737026-2748725799-526", "PrincipalType": "Group"}, {"RightName": "AddKeyCredentialLink", "IsInherited": true, "PrincipalSID": "S-1-5-21-3154413470-3340737026-2748725799-527", "PrincipalType": "Group"}, {"RightName": "GenericAll", "IsInherited": true, "PrincipalSID": "S-1-5-21-3154413470-3340737026-2748725799-519", "PrincipalType": "Group"}, {"RightName": "GenericWrite", "IsInherited": true, "PrincipalSID": "HACKSMARTER.LOCAL-S-1-5-32-544", "PrincipalType": "Group"}, {"RightName": "WriteOwner", "IsInherited": true, "PrincipalSID": "HACKSMARTER.LOCAL-S-1-5-32-544", "PrincipalType": "Group"}, {"RightName": "WriteDacl", "IsInherited": true, "PrincipalSID": "HACKSMARTER.LOCAL-S-1-5-32-544", "PrincipalType": "Group"}], "HasSIDHistory": [], "IsDeleted": false, "Status": null, "IsACLProtected": false}],"meta":{"methods":0,"type":"computers","count":1, "version":5}}