{"data":[{"AllowedToDelegate": [], "ObjectIdentifier": "HACKSMARTER.LOCAL-S-1-5-20", "PrimaryGroupSID": null, "Properties": {"domain": "HACKSMARTER.LOCAL", "domainsid": "S-1-5-21-3154413470-3340737026-2748725799", "name": "NT AUTHORITY@HACKSMARTER.LOCAL"}, "Aces": [], "SPNTargets": [], "HasSIDHistory": [], "IsDeleted": false, "IsACLProtected": false},{"AllowedToDelegate": [], "ObjectIdentifier": "S-1-5-21-3154413470-3340737026-2748725799-1601", "PrimaryGroupSID": "S-1-5-21-3154413470-3340737026-2748725799-513", "Properties": {"name": "THE_EMPEROR@HACKSMARTER.LOCAL", "domain": "HACKSMARTER.LOCAL", "domainsid": "S-1-5-21-3154413470-3340737026-2748725799", "distinguishedname": "CN=SABURO ARASAKA,CN=USERS,DC=HACKSMARTER,DC=LOCAL", "unconstraineddelegation": false, "trustedtoauth": false, "passwordnotreqd": false, "enabled": true, "lastlogon": 0, "lastlogontimestamp": 1758466586, "pwdlastset": 1758466552, "dontreqpreauth": false, "pwdneverexpires": false, "sensitive": false, "serviceprincipalnames": [], "hasspn": false, "displayname": "Saburo Arasaka", "email": null, "title": null, "homedirectory": null, "description": null, "userpassword": null, "admincount": true, "sidhistory": [], "whencreated": 1758466352, "unixpassword": null, "unicodepassword": null, "logonscript": null, "samaccountname": "the_emperor", "sfupassword": null}, "Aces": [{"RightName": "Owns", "IsInherited": false, "PrincipalSID": "S-1-5-21-3154413470-3340737026-2748725799-512", "PrincipalType": "Group"}, {"RightName": "GenericWrite", "IsInherited": false, "PrincipalSID": "S-1-5-21-3154413470-3340737026-2748725799-512", "PrincipalType": "Group"}, {"RightName": "WriteOwner", "IsInherited": false, "PrincipalSID": "S-1-5-21-3154413470-3340737026-2748725799-512", "PrincipalType": "Group"}, {"RightName": "AllExtendedRights", "IsInherited": false, "PrincipalSID": "S-1-5-21-3154413470-3340737026-2748725799-512", "PrincipalType": "Group"}, {"RightName": "WriteDacl", "IsInherited": false, "PrincipalSID": "S-1-5-21-3154413470-3340737026-2748725799-512", "PrincipalType": "Group"}, {"RightName": "GenericWrite", "IsInherited": false, "PrincipalSID": "S-1-5-21-3154413470-3340737026-2748725799-519", "PrincipalType": "Group"}, {"RightName": "WriteOwner", "IsInherited": false, "PrincipalSID": "S-1-5-21-3154413470-3340737026-2748725799-519", "PrincipalType": "Group"}, {"RightName": "AllExtendedRights", "IsInherited": false, "PrincipalSID": "S-1-5-21-3154413470-3340737026-2748725799-519", "PrincipalType": "Group"}, {"RightName": "WriteDacl", "IsInherited": false, "PrincipalSID": "S-1-5-21-3154413470-3340737026-2748725799-519", "PrincipalType": "Group"}, {"RightName": "GenericWrite", "IsInherited": false, "PrincipalSID": "HACKSMARTER.LOCAL-S-1-5-32-544", "PrincipalType": "Group"}, {"RightName": "WriteOwner", "IsInherited": false, "PrincipalSID": "HACKSMARTER.LOCAL-S-1-5-32-544", "PrincipalType": "Group"}, {"RightName": "AllExtendedRights", "IsInherited": false, "PrincipalSID": "HACKSMARTER.LOCAL-S-1-5-32-544", "PrincipalType": "Group"}, {"RightName": "WriteDacl", "IsInherited": false, "PrincipalSID": "HACKSMARTER.LOCAL-S-1-5-32-544", "PrincipalType": "Group"}], "SPNTargets": [], "HasSIDHistory": [], "IsDeleted": false, "IsACLProtected": true},{"AllowedToDelegate": [], "ObjectIdentifier": "S-1-5-21-3154413470-3340737026-2748725799-1144", "PrimaryGroupSID": "S-1-5-21-3154413470-3340737026-2748725799-513", "Properties": {"name": "SILVERHAND.SVC@HACKSMARTER.LOCAL", "domain": "HACKSMARTER.LOCAL", "domainsid": "S-1-5-21-3154413470-3340737026-2748725799", "distinguishedname": "CN=SLIVERHAND.SVC,CN=USERS,DC=HACKSMARTER,DC=LOCAL", "unconstraineddelegation": false, "trustedtoauth": false, "passwordnotreqd": false, "enabled": true, "lastlogon": 0, "lastlogontimestamp": -1, "pwdlastset": 1758466990, "dontreqpreauth": false, "pwdneverexpires": false, "sensitive": false, "serviceprincipalnames": [], "hasspn": false, "displayname": "Johnny Silverhand", "email": null, "title": null, "homedirectory": null, "description": "Trapped for eternity", "userpassword": null, "admincount": false, "sidhistory": [], "whencreated": 1758423424, "unixpassword": null, "unicodepassword": null, "logonscript": null, "samaccountname": "Silverhand.svc", "sfupassword": null}, "Aces": [{"RightName": "Owns", "IsInherited": false, "PrincipalSID": "S-1-5-21-3154413470-3340737026-2748725799-512", "PrincipalType": "Group"}, {"RightName": "GenericAll", "IsInherited": false, "PrincipalSID": "S-1-5-21-3154413470-3340737026-2748725799-512", "PrincipalType": "Group"}, {"RightName": "GenericAll", "IsInherited": false, "PrincipalSID": "HACKSMARTER.LOCAL-S-1-5-32-548", "PrincipalType": "Group"}, {"RightName": "AddKeyCredentialLink", "IsInherited": true, "PrincipalSID": "S-1-5-21-3154413470-3340737026-2748725799-526", "PrincipalType": "Group"}, {"RightName": "AddKeyCredentialLink", "IsInherited": true, "PrincipalSID": "S-1-5-21-3154413470-3340737026-2748725799-527", "PrincipalType": "Group"}, {"RightName": "GenericAll", "IsInherited": true, "PrincipalSID": "S-1-5-21-3154413470-3340737026-2748725799-519", "PrincipalType": "Group"}, {"RightName": "GenericWrite", "IsInherited": true, "PrincipalSID": "HACKSMARTER.LOCAL-S-1-5-32-544", "PrincipalType": "Group"}, {"RightName": "WriteOwner", "IsInherited": true, "PrincipalSID": "HACKSMARTER.LOCAL-S-1-5-32-544", "PrincipalType": "Group"}, {"RightName": "AllExtendedRights", "IsInherited": true, "PrincipalSID": "HACKSMARTER.LOCAL-S-1-5-32-544", "PrincipalType": "Group"}, {"RightName": "WriteDacl", "IsInherited": true, "PrincipalSID": "HACKSMARTER.LOCAL-S-1-5-32-544", "PrincipalType": "Group"}], "SPNTargets": [], "HasSIDHistory": [], "IsDeleted": false, "IsACLProtected": false},{"AllowedToDelegate": [], "ObjectIdentifier": "S-1-5-21-3154413470-3340737026-2748725799-1134", "PrimaryGroupSID": "S-1-5-21-3154413470-3340737026-2748725799-513", "Properties": {"name": "KEI.SVC@HACKSMARTER.LOCAL", "domain": "HACKSMARTER.LOCAL", "domainsid": "S-1-5-21-3154413470-3340737026-2748725799", "distinguishedname": "CN=KEI.SVC,CN=USERS,DC=HACKSMARTER,DC=LOCAL", "unconstraineddelegation": false, "trustedtoauth": false, "passwordnotreqd": false, "enabled": true, "lastlogon": 0, "lastlogontimestamp": -1, "pwdlastset": 1758467116, "dontreqpreauth": false, "pwdneverexpires": false, "sensitive": false, "serviceprincipalnames": [], "hasspn": false, "displayname": "Kei Arasaka", "email": null, "title": null, "homedirectory": null, "description": "Trapped for eternity", "userpassword": null, "admincount": false, "sidhistory": [], "whencreated": 1758423423, "unixpassword": null, "unicodepassword": null, "logonscript": null, "samaccountname": "kei.svc", "sfupassword": null}, "Aces": [{"RightName": "Owns", "IsInherited": false, "PrincipalSID": "S-1-5-21-3154413470-3340737026-2748725799-512", "PrincipalType": "Group"}, {"RightName": "GenericAll", "IsInherited": false, "PrincipalSID": "S-1-5-21-3154413470-3340737026-2748725799-512", "PrincipalType": "Group"}, {"RightName": "GenericAll", "IsInherited": false, "PrincipalSID": "HACKSMARTER.LOCAL-S-1-5-32-548", "PrincipalType": "Group"}, {"RightName": "AddKeyCredentialLink", "IsInherited": true, "PrincipalSID": "S-1-5-21-3154413470-3340737026-2748725799-526", "PrincipalType": "Group"}, {"RightName": "AddKeyCredentialLink", "IsInherited": true, "PrincipalSID": "S-1-5-21-3154413470-3340737026-2748725799-527", "PrincipalType": "Group"}, {"RightName": "GenericAll", "IsInherited": true, "PrincipalSID": "S-1-5-21-3154413470-3340737026-2748725799-519", "PrincipalType": "Group"}, {"RightName": "GenericWrite", "IsInherited": true, "PrincipalSID": "HACKSMARTER.LOCAL-S-1-5-32-544", "PrincipalType": "Group"}, {"RightName": "WriteOwner", "IsInherited": true, "PrincipalSID": "HACKSMARTER.LOCAL-S-1-5-32-544", "PrincipalType": "Group"}, {"RightName": "AllExtendedRights", "IsInherited": true, "PrincipalSID": "HACKSMARTER.LOCAL-S-1-5-32-544", "PrincipalType": "Group"}, {"RightName": "WriteDacl", "IsInherited": true, "PrincipalSID": "HACKSMARTER.LOCAL-S-1-5-32-544", "PrincipalType": "Group"}], "SPNTargets": [], "HasSIDHistory": [], "IsDeleted": false, "IsACLProtected": false},{"AllowedToDelegate": [], "ObjectIdentifier": "S-1-5-21-3154413470-3340737026-2748725799-1129", "PrimaryGroupSID": "S-1-5-21-3154413470-3340737026-2748725799-513", "Properties": {"name": "SOULKILLER.SVC@HACKSMARTER.LOCAL", "domain": "HACKSMARTER.LOCAL", "domainsid": "S-1-5-21-3154413470-3340737026-2748725799", "distinguishedname": "CN=SOULKILLER.SVC,CN=USERS,DC=HACKSMARTER,DC=LOCAL", "unconstraineddelegation": false, "trustedtoauth": false, "passwordnotreqd": false, "enabled": true, "lastlogon": 0, "lastlogontimestamp": 1758470975, "pwdlastset": 1758468613, "dontreqpreauth": false, "pwdneverexpires": false, "sensitive": false, "serviceprincipalnames": [], "hasspn": false, "displayname": "Soulkiller.svc", "email": null, "title": null, "homedirectory": null, "description": "Certificate managment for soulkiller AI", "userpassword": null, "admincount": false, "sidhistory": [], "whencreated": 1758423421, "unixpassword": null, "unicodepassword": null, "logonscript": null, "samaccountname": "Soulkiller.svc", "sfupassword": null}, "Aces": [{"RightName": "Owns", "IsInherited": false, "PrincipalSID": "S-1-5-21-3154413470-3340737026-2748725799-512", "PrincipalType": "Group"}, {"RightName": "GenericWrite", "IsInherited": false, "PrincipalSID": "S-1-5-21-3154413470-3340737026-2748725799-1117", "PrincipalType": "User"}, {"RightName": "GenericAll", "IsInherited": false, "PrincipalSID": "S-1-5-21-3154413470-3340737026-2748725799-512", "PrincipalType": "Group"}, {"RightName": "GenericAll", "IsInherited": false, "PrincipalSID": "HACKSMARTER.LOCAL-S-1-5-32-548", "PrincipalType": "Group"}, {"RightName": "AddKeyCredentialLink", "IsInherited": true, "PrincipalSID": "S-1-5-21-3154413470-3340737026-2748725799-526", "PrincipalType": "Group"}, {"RightName": "AddKeyCredentialLink", "IsInherited": true, "PrincipalSID": "S-1-5-21-3154413470-3340737026-2748725799-527", "PrincipalType": "Group"}, {"RightName": "GenericAll", "IsInherited": true, "PrincipalSID": "S-1-5-21-3154413470-3340737026-2748725799-519", "PrincipalType": "Group"}, {"RightName": "GenericWrite", "IsInherited": true, "PrincipalSID": "HACKSMARTER.LOCAL-S-1-5-32-544", "PrincipalType": "Group"}, {"RightName": "WriteOwner", "IsInherited": true, "PrincipalSID": "HACKSMARTER.LOCAL-S-1-5-32-544", "PrincipalType": "Group"}, {"RightName": "AllExtendedRights", "IsInherited": true, "PrincipalSID": "HACKSMARTER.LOCAL-S-1-5-32-544", "PrincipalType": "Group"}, {"RightName": "WriteDacl", "IsInherited": true, "PrincipalSID": "HACKSMARTER.LOCAL-S-1-5-32-544", "PrincipalType": "Group"}], "SPNTargets": [], "HasSIDHistory": [], "IsDeleted": false, "IsACLProtected": false},{"AllowedToDelegate": [], "ObjectIdentifier": "S-1-5-21-3154413470-3340737026-2748725799-1128", "PrimaryGroupSID": "S-1-5-21-3154413470-3340737026-2748725799-513", "Properties": {"name": "SMASHER@HACKSMARTER.LOCAL", "domain": "HACKSMARTER.LOCAL", "domainsid": "S-1-5-21-3154413470-3340737026-2748725799", "distinguishedname": "CN=ADAM SMASHER,CN=USERS,DC=HACKSMARTER,DC=LOCAL", "unconstraineddelegation": false, "trustedtoauth": false, "passwordnotreqd": false, "enabled": true, "lastlogon": 0, "lastlogontimestamp": -1, "pwdlastset": 1758466880, "dontreqpreauth": false, "pwdneverexpires": false, "sensitive": false, "serviceprincipalnames": [], "hasspn": false, "displayname": "Adam Smasher", "email": null, "title": null, "homedirectory": null, "description": null, "userpassword": null, "admincount": false, "sidhistory": [], "whencreated": 1758423421, "unixpassword": null, "unicodepassword": null, "logonscript": null, "samaccountname": "Smasher", "sfupassword": null}, "Aces": [{"RightName": "Owns", "IsInherited": false, "PrincipalSID": "S-1-5-21-3154413470-3340737026-2748725799-512", "PrincipalType": "Group"}, {"RightName": "GenericAll", "IsInherited": false, "PrincipalSID": "S-1-5-21-3154413470-3340737026-2748725799-512", "PrincipalType": "Group"}, {"RightName": "GenericAll", "IsInherited": false, "PrincipalSID": "HACKSMARTER.LOCAL-S-1-5-32-548", "PrincipalType": "Group"}, {"RightName": "AddKeyCredentialLink", "IsInherited": true, "PrincipalSID": "S-1-5-21-3154413470-3340737026-2748725799-526", "PrincipalType": "Group"}, {"RightName": "AddKeyCredentialLink", "IsInherited": true, "PrincipalSID": "S-1-5-21-3154413470-3340737026-2748725799-527", "PrincipalType": "Group"}, {"RightName": "GenericAll", "IsInherited": true, "PrincipalSID": "S-1-5-21-3154413470-3340737026-2748725799-519", "PrincipalType": "Group"}, {"RightName": "GenericWrite", "IsInherited": true, "PrincipalSID": "HACKSMARTER.LOCAL-S-1-5-32-544", "PrincipalType": "Group"}, {"RightName": "WriteOwner", "IsInherited": true, "PrincipalSID": "HACKSMARTER.LOCAL-S-1-5-32-544", "PrincipalType": "Group"}, {"RightName": "AllExtendedRights", "IsInherited": true, "PrincipalSID": "HACKSMARTER.LOCAL-S-1-5-32-544", "PrincipalType": "Group"}, {"RightName": "WriteDacl", "IsInherited": true, "PrincipalSID": "HACKSMARTER.LOCAL-S-1-5-32-544", "PrincipalType": "Group"}], "SPNTargets": [], "HasSIDHistory": [], "IsDeleted": false, "IsACLProtected": false},{"AllowedToDelegate": [], "ObjectIdentifier": "S-1-5-21-3154413470-3340737026-2748725799-1126", "PrimaryGroupSID": "S-1-5-21-3154413470-3340737026-2748725799-513", "Properties": {"name": "FARADAY@HACKSMARTER.LOCAL", "domain": "HACKSMARTER.LOCAL", "domainsid": "S-1-5-21-3154413470-3340737026-2748725799", "distinguishedname": "CN=FARADAY,CN=USERS,DC=HACKSMARTER,DC=LOCAL", "unconstraineddelegation": false, "trustedtoauth": false, "passwordnotreqd": false, "enabled": true, "lastlogon": 1760646240, "lastlogontimestamp": 1760645902, "pwdlastset": 1758467205, "dontreqpreauth": false, "pwdneverexpires": false, "sensitive": false, "serviceprincipalnames": [], "hasspn": false, "displayname": "Faraday", "email": null, "title": null, "homedirectory": null, "description": null, "userpassword": null, "admincount": false, "sidhistory": [], "whencreated": 1758423421, "unixpassword": null, "unicodepassword": null, "logonscript": null, "samaccountname": "Faraday", "sfupassword": null}, "Aces": [{"RightName": "Owns", "IsInherited": false, "PrincipalSID": "S-1-5-21-3154413470-3340737026-2748725799-512", "PrincipalType": "Group"}, {"RightName": "GenericAll", "IsInherited": false, "PrincipalSID": "S-1-5-21-3154413470-3340737026-2748725799-512", "PrincipalType": "Group"}, {"RightName": "GenericAll", "IsInherited": false, "PrincipalSID": "HACKSMARTER.LOCAL-S-1-5-32-548", "PrincipalType": "Group"}, {"RightName": "AddKeyCredentialLink", "IsInherited": true, "PrincipalSID": "S-1-5-21-3154413470-3340737026-2748725799-526", "PrincipalType": "Group"}, {"RightName": "AddKeyCredentialLink", "IsInherited": true, "PrincipalSID": "S-1-5-21-3154413470-3340737026-2748725799-527", "PrincipalType": "Group"}, {"RightName": "GenericAll", "IsInherited": true, "PrincipalSID": "S-1-5-21-3154413470-3340737026-2748725799-519", "PrincipalType": "Group"}, {"RightName": "GenericWrite", "IsInherited": true, "PrincipalSID": "HACKSMARTER.LOCAL-S-1-5-32-544", "PrincipalType": "Group"}, {"RightName": "WriteOwner", "IsInherited": true, "PrincipalSID": "HACKSMARTER.LOCAL-S-1-5-32-544", "PrincipalType": "Group"}, {"RightName": "AllExtendedRights", "IsInherited": true, "PrincipalSID": "HACKSMARTER.LOCAL-S-1-5-32-544", "PrincipalType": "Group"}, {"RightName": "WriteDacl", "IsInherited": true, "PrincipalSID": "HACKSMARTER.LOCAL-S-1-5-32-544", "PrincipalType": "Group"}], "SPNTargets": [], "HasSIDHistory": [], "IsDeleted": false, "IsACLProtected": false},{"AllowedToDelegate": [], "ObjectIdentifier": "S-1-5-21-3154413470-3340737026-2748725799-1132", "PrimaryGroupSID": "S-1-5-21-3154413470-3340737026-2748725799-513", "Properties": {"name": "HELLMAN@HACKSMARTER.LOCAL", "domain": "HACKSMARTER.LOCAL", "domainsid": "S-1-5-21-3154413470-3340737026-2748725799", "distinguishedname": "CN=HELLMAN,CN=USERS,DC=HACKSMARTER,DC=LOCAL", "unconstraineddelegation": false, "trustedtoauth": false, "passwordnotreqd": false, "enabled": true, "lastlogon": 0, "lastlogontimestamp": -1, "pwdlastset": 1758467059, "dontreqpreauth": false, "pwdneverexpires": false, "sensitive": false, "serviceprincipalnames": [], "hasspn": false, "displayname": "Anders Hellman", "email": null, "title": null, "homedirectory": null, "description": null, "userpassword": null, "admincount": false, "sidhistory": [], "whencreated": 1758423422, "unixpassword": null, "unicodepassword": null, "logonscript": null, "samaccountname": "Hellman", "sfupassword": null}, "Aces": [{"RightName": "Owns", "IsInherited": false, "PrincipalSID": "S-1-5-21-3154413470-3340737026-2748725799-512", "PrincipalType": "Group"}, {"RightName": "GenericAll", "IsInherited": false, "PrincipalSID": "S-1-5-21-3154413470-3340737026-2748725799-512", "PrincipalType": "Group"}, {"RightName": "GenericAll", "IsInherited": false, "PrincipalSID": "HACKSMARTER.LOCAL-S-1-5-32-548", "PrincipalType": "Group"}, {"RightName": "AddKeyCredentialLink", "IsInherited": true, "PrincipalSID": "S-1-5-21-3154413470-3340737026-2748725799-526", "PrincipalType": "Group"}, {"RightName": "AddKeyCredentialLink", "IsInherited": true, "PrincipalSID": "S-1-5-21-3154413470-3340737026-2748725799-527", "PrincipalType": "Group"}, {"RightName": "GenericAll", "IsInherited": true, "PrincipalSID": "S-1-5-21-3154413470-3340737026-2748725799-519", "PrincipalType": "Group"}, {"RightName": "GenericWrite", "IsInherited": true, "PrincipalSID": "HACKSMARTER.LOCAL-S-1-5-32-544", "PrincipalType": "Group"}, {"RightName": "WriteOwner", "IsInherited": true, "PrincipalSID": "HACKSMARTER.LOCAL-S-1-5-32-544", "PrincipalType": "Group"}, {"RightName": "AllExtendedRights", "IsInherited": true, "PrincipalSID": "HACKSMARTER.LOCAL-S-1-5-32-544", "PrincipalType": "Group"}, {"RightName": "WriteDacl", "IsInherited": true, "PrincipalSID": "HACKSMARTER.LOCAL-S-1-5-32-544", "PrincipalType": "Group"}], "SPNTargets": [], "HasSIDHistory": [], "IsDeleted": false, "IsACLProtected": false},{"AllowedToDelegate": [], "ObjectIdentifier": "S-1-5-21-3154413470-3340737026-2748725799-1149", "PrimaryGroupSID": "S-1-5-21-3154413470-3340737026-2748725799-513", "Properties": {"name": "ODA@HACKSMARTER.LOCAL", "domain": "HACKSMARTER.LOCAL", "domainsid": "S-1-5-21-3154413470-3340737026-2748725799", "distinguishedname": "CN=ODA,CN=USERS,DC=HACKSMARTER,DC=LOCAL", "unconstraineddelegation": false, "trustedtoauth": false, "passwordnotreqd": false, "enabled": true, "lastlogon": 0, "lastlogontimestamp": -1, "pwdlastset": 1758466934, "dontreqpreauth": false, "pwdneverexpires": false, "sensitive": false, "serviceprincipalnames": [], "hasspn": false, "displayname": "Oda", "email": null, "title": null, "homedirectory": null, "description": null, "userpassword": null, "admincount": false, "sidhistory": [], "whencreated": 1758423425, "unixpassword": null, "unicodepassword": null, "logonscript": null, "samaccountname": "Oda", "sfupassword": null}, "Aces": [{"RightName": "Owns", "IsInherited": false, "PrincipalSID": "S-1-5-21-3154413470-3340737026-2748725799-512", "PrincipalType": "Group"}, {"RightName": "GenericAll", "IsInherited": false, "PrincipalSID": "S-1-5-21-3154413470-3340737026-2748725799-512", "PrincipalType": "Group"}, {"RightName": "GenericAll", "IsInherited": false, "PrincipalSID": "HACKSMARTER.LOCAL-S-1-5-32-548", "PrincipalType": "Group"}, {"RightName": "AddKeyCredentialLink", "IsInherited": true, "PrincipalSID": "S-1-5-21-3154413470-3340737026-2748725799-526", "PrincipalType": "Group"}, {"RightName": "AddKeyCredentialLink", "IsInherited": true, "PrincipalSID": "S-1-5-21-3154413470-3340737026-2748725799-527", "PrincipalType": "Group"}, {"RightName": "GenericAll", "IsInherited": true, "PrincipalSID": "S-1-5-21-3154413470-3340737026-2748725799-519", "PrincipalType": "Group"}, {"RightName": "GenericWrite", "IsInherited": true, "PrincipalSID": "HACKSMARTER.LOCAL-S-1-5-32-544", "PrincipalType": "Group"}, {"RightName": "WriteOwner", "IsInherited": true, "PrincipalSID": "HACKSMARTER.LOCAL-S-1-5-32-544", "PrincipalType": "Group"}, {"RightName": "AllExtendedRights", "IsInherited": true, "PrincipalSID": "HACKSMARTER.LOCAL-S-1-5-32-544", "PrincipalType": "Group"}, {"RightName": "WriteDacl", "IsInherited": true, "PrincipalSID": "HACKSMARTER.LOCAL-S-1-5-32-544", "PrincipalType": "Group"}], "SPNTargets": [], "HasSIDHistory": [], "IsDeleted": false, "IsACLProtected": false},{"AllowedToDelegate": [], "ObjectIdentifier": "S-1-5-21-3154413470-3340737026-2748725799-1125", "PrimaryGroupSID": "S-1-5-21-3154413470-3340737026-2748725799-513", "Properties": {"name": "HANAKO@HACKSMARTER.LOCAL", "domain": "HACKSMARTER.LOCAL", "domainsid": "S-1-5-21-3154413470-3340737026-2748725799", "distinguishedname": "CN=HANAKO,CN=USERS,DC=HACKSMARTER,DC=LOCAL", "unconstraineddelegation": false, "trustedtoauth": false, "passwordnotreqd": false, "enabled": true, "lastlogon": 0, "lastlogontimestamp": -1, "pwdlastset": 1758466743, "dontreqpreauth": false, "pwdneverexpires": false, "sensitive": false, "serviceprincipalnames": [], "hasspn": false, "displayname": "Hanako Arasaka", "email": null, "title": null, "homedirectory": null, "description": "Waiting at embers", "userpassword": null, "admincount": false, "sidhistory": [], "whencreated": 1758423420, "unixpassword": null, "unicodepassword": null, "logonscript": null, "samaccountname": "Hanako", "sfupassword": null}, "Aces": [{"RightName": "Owns", "IsInherited": false, "PrincipalSID": "S-1-5-21-3154413470-3340737026-2748725799-512", "PrincipalType": "Group"}, {"RightName": "GenericAll", "IsInherited": false, "PrincipalSID": "S-1-5-21-3154413470-3340737026-2748725799-512", "PrincipalType": "Group"}, {"RightName": "GenericAll", "IsInherited": false, "PrincipalSID": "HACKSMARTER.LOCAL-S-1-5-32-548", "PrincipalType": "Group"}, {"RightName": "AddKeyCredentialLink", "IsInherited": true, "PrincipalSID": "S-1-5-21-3154413470-3340737026-2748725799-526", "PrincipalType": "Group"}, {"RightName": "AddKeyCredentialLink", "IsInherited": true, "PrincipalSID": "S-1-5-21-3154413470-3340737026-2748725799-527", "PrincipalType": "Group"}, {"RightName": "GenericAll", "IsInherited": true, "PrincipalSID": "S-1-5-21-3154413470-3340737026-2748725799-519", "PrincipalType": "Group"}, {"RightName": "GenericWrite", "IsInherited": true, "PrincipalSID": "HACKSMARTER.LOCAL-S-1-5-32-544", "PrincipalType": "Group"}, {"RightName": "WriteOwner", "IsInherited": true, "PrincipalSID": "HACKSMARTER.LOCAL-S-1-5-32-544", "PrincipalType": "Group"}, {"RightName": "AllExtendedRights", "IsInherited": true, "PrincipalSID": "HACKSMARTER.LOCAL-S-1-5-32-544", "PrincipalType": "Group"}, {"RightName": "WriteDacl", "IsInherited": true, "PrincipalSID": "HACKSMARTER.LOCAL-S-1-5-32-544", "PrincipalType": "Group"}], "SPNTargets": [], "HasSIDHistory": [], "IsDeleted": false, "IsACLProtected": false},{"AllowedToDelegate": [], "ObjectIdentifier": "S-1-5-21-3154413470-3340737026-2748725799-1113", "PrimaryGroupSID": "S-1-5-21-3154413470-3340737026-2748725799-513", "Properties": {"name": "ALT.SVC@HACKSMARTER.LOCAL", "domain": "HACKSMARTER.LOCAL", "domainsid": "S-1-5-21-3154413470-3340737026-2748725799", "distinguishedname": "CN=ALT.SVC,CN=USERS,DC=HACKSMARTER,DC=LOCAL", "unconstraineddelegation": false, "trustedtoauth": false, "passwordnotreqd": false, "enabled": true, "lastlogon": 0, "lastlogontimestamp": -1, "pwdlastset": 1758467262, "dontreqpreauth": false, "pwdneverexpires": false, "sensitive": false, "serviceprincipalnames": ["AI/blackwall.hacksmarter.local"], "hasspn": true, "displayname": "Alt Cunningham", "email": null, "title": null, "homedirectory": null, "description": "Trapped for eternity", "userpassword": null, "admincount": false, "sidhistory": [], "whencreated": 1758423419, "unixpassword": null, "unicodepassword": null, "logonscript": null, "samaccountname": "alt.svc", "sfupassword": null}, "Aces": [{"RightName": "Owns", "IsInherited": false, "PrincipalSID": "S-1-5-21-3154413470-3340737026-2748725799-512", "PrincipalType": "Group"}, {"RightName": "GenericAll", "IsInherited": false, "PrincipalSID": "S-1-5-21-3154413470-3340737026-2748725799-512", "PrincipalType": "Group"}, {"RightName": "GenericAll", "IsInherited": false, "PrincipalSID": "HACKSMARTER.LOCAL-S-1-5-32-548", "PrincipalType": "Group"}, {"RightName": "AddKeyCredentialLink", "IsInherited": true, "PrincipalSID": "S-1-5-21-3154413470-3340737026-2748725799-526", "PrincipalType": "Group"}, {"RightName": "AddKeyCredentialLink", "IsInherited": true, "PrincipalSID": "S-1-5-21-3154413470-3340737026-2748725799-527", "PrincipalType": "Group"}, {"RightName": "GenericAll", "IsInherited": true, "PrincipalSID": "S-1-5-21-3154413470-3340737026-2748725799-519", "PrincipalType": "Group"}, {"RightName": "GenericWrite", "IsInherited": true, "PrincipalSID": "HACKSMARTER.LOCAL-S-1-5-32-544", "PrincipalType": "Group"}, {"RightName": "WriteOwner", "IsInherited": true, "PrincipalSID": "HACKSMARTER.LOCAL-S-1-5-32-544", "PrincipalType": "Group"}, {"RightName": "AllExtendedRights", "IsInherited": true, "PrincipalSID": "HACKSMARTER.LOCAL-S-1-5-32-544", "PrincipalType": "Group"}, {"RightName": "WriteDacl", "IsInherited": true, "PrincipalSID": "HACKSMARTER.LOCAL-S-1-5-32-544", "PrincipalType": "Group"}], "SPNTargets": [], "HasSIDHistory": [], "IsDeleted": false, "IsACLProtected": false},{"AllowedToDelegate": [], "ObjectIdentifier": "S-1-5-21-3154413470-3340737026-2748725799-1117", "PrimaryGroupSID": "S-1-5-21-3154413470-3340737026-2748725799-513", "Properties": {"name": "YORINOBU@HACKSMARTER.LOCAL", "domain": "HACKSMARTER.LOCAL", "domainsid": "S-1-5-21-3154413470-3340737026-2748725799", "distinguishedname": "CN=YORINOBU,CN=USERS,DC=HACKSMARTER,DC=LOCAL", "unconstraineddelegation": false, "trustedtoauth": false, "passwordnotreqd": false, "enabled": true, "lastlogon": 0, "lastlogontimestamp": 1758468418, "pwdlastset": 1758467564, "dontreqpreauth": false, "pwdneverexpires": false, "sensitive": false, "serviceprincipalnames": [], "hasspn": false, "displayname": "Yorinobu Arasaka", "email": null, "title": null, "homedirectory": null, "description": null, "userpassword": null, "admincount": false, "sidhistory": [], "whencreated": 1758423420, "unixpassword": null, "unicodepassword": null, "logonscript": null, "samaccountname": "Yorinobu", "sfupassword": null}, "Aces": [{"RightName": "Owns", "IsInherited": false, "PrincipalSID": "S-1-5-21-3154413470-3340737026-2748725799-512", "PrincipalType": "Group"}, {"RightName": "GenericAll", "IsInherited": false, "PrincipalSID": "S-1-5-21-3154413470-3340737026-2748725799-512", "PrincipalType": "Group"}, {"RightName": "GenericAll", "IsInherited": false, "PrincipalSID": "S-1-5-21-3154413470-3340737026-2748725799-1113", "PrincipalType": "User"}, {"RightName": "GenericAll", "IsInherited": false, "PrincipalSID": "HACKSMARTER.LOCAL-S-1-5-32-548", "PrincipalType": "Group"}, {"RightName": "AddKeyCredentialLink", "IsInherited": true, "PrincipalSID": "S-1-5-21-3154413470-3340737026-2748725799-526", "PrincipalType": "Group"}, {"RightName": "AddKeyCredentialLink", "IsInherited": true, "PrincipalSID": "S-1-5-21-3154413470-3340737026-2748725799-527", "PrincipalType": "Group"}, {"RightName": "GenericAll", "IsInherited": true, "PrincipalSID": "S-1-5-21-3154413470-3340737026-2748725799-519", "PrincipalType": "Group"}, {"RightName": "GenericWrite", "IsInherited": true, "PrincipalSID": "HACKSMARTER.LOCAL-S-1-5-32-544", "PrincipalType": "Group"}, {"RightName": "WriteOwner", "IsInherited": true, "PrincipalSID": "HACKSMARTER.LOCAL-S-1-5-32-544", "PrincipalType": "Group"}, {"RightName": "AllExtendedRights", "IsInherited": true, "PrincipalSID": "HACKSMARTER.LOCAL-S-1-5-32-544", "PrincipalType": "Group"}, {"RightName": "WriteDacl", "IsInherited": true, "PrincipalSID": "HACKSMARTER.LOCAL-S-1-5-32-544", "PrincipalType": "Group"}], "SPNTargets": [], "HasSIDHistory": [], "IsDeleted": false, "IsACLProtected": false},{"AllowedToDelegate": [], "ObjectIdentifier": "S-1-5-21-3154413470-3340737026-2748725799-1111", "PrimaryGroupSID": "S-1-5-21-3154413470-3340737026-2748725799-513", "Properties": {"name": "GORO@HACKSMARTER.LOCAL", "domain": "HACKSMARTER.LOCAL", "domainsid": "S-1-5-21-3154413470-3340737026-2748725799", "distinguishedname": "CN=GORO,CN=USERS,DC=HACKSMARTER,DC=LOCAL", "unconstraineddelegation": false, "trustedtoauth": false, "passwordnotreqd": false, "enabled": true, "lastlogon": 0, "lastlogontimestamp": -1, "pwdlastset": 1758466831, "dontreqpreauth": false, "pwdneverexpires": false, "sensitive": false, "serviceprincipalnames": [], "hasspn": false, "displayname": "Goro Takemura", "email": null, "title": null, "homedirectory": null, "description": "Loyal to a fault", "userpassword": null, "admincount": false, "sidhistory": [], "whencreated": 1758423419, "unixpassword": null, "unicodepassword": null, "logonscript": null, "samaccountname": "Goro", "sfupassword": null}, "Aces": [{"RightName": "Owns", "IsInherited": false, "PrincipalSID": "S-1-5-21-3154413470-3340737026-2748725799-512", "PrincipalType": "Group"}, {"RightName": "GenericAll", "IsInherited": false, "PrincipalSID": "S-1-5-21-3154413470-3340737026-2748725799-512", "PrincipalType": "Group"}, {"RightName": "GenericAll", "IsInherited": false, "PrincipalSID": "HACKSMARTER.LOCAL-S-1-5-32-548", "PrincipalType": "Group"}, {"RightName": "AddKeyCredentialLink", "IsInherited": true, "PrincipalSID": "S-1-5-21-3154413470-3340737026-2748725799-526", "PrincipalType": "Group"}, {"RightName": "AddKeyCredentialLink", "IsInherited": true, "PrincipalSID": "S-1-5-21-3154413470-3340737026-2748725799-527", "PrincipalType": "Group"}, {"RightName": "GenericAll", "IsInherited": true, "PrincipalSID": "S-1-5-21-3154413470-3340737026-2748725799-519", "PrincipalType": "Group"}, {"RightName": "GenericWrite", "IsInherited": true, "PrincipalSID": "HACKSMARTER.LOCAL-S-1-5-32-544", "PrincipalType": "Group"}, {"RightName": "WriteOwner", "IsInherited": true, "PrincipalSID": "HACKSMARTER.LOCAL-S-1-5-32-544", "PrincipalType": "Group"}, {"RightName": "AllExtendedRights", "IsInherited": true, "PrincipalSID": "HACKSMARTER.LOCAL-S-1-5-32-544", "PrincipalType": "Group"}, {"RightName": "WriteDacl", "IsInherited": true, "PrincipalSID": "HACKSMARTER.LOCAL-S-1-5-32-544", "PrincipalType": "Group"}], "SPNTargets": [], "HasSIDHistory": [], "IsDeleted": false, "IsACLProtected": false},{"AllowedToDelegate": [], "ObjectIdentifier": "S-1-5-21-3154413470-3340737026-2748725799-502", "PrimaryGroupSID": "S-1-5-21-3154413470-3340737026-2748725799-513", "Properties": {"name": "KRBTGT@HACKSMARTER.LOCAL", "domain": "HACKSMARTER.LOCAL", "domainsid": "S-1-5-21-3154413470-3340737026-2748725799", "distinguishedname": "CN=KRBTGT,CN=USERS,DC=HACKSMARTER,DC=LOCAL", "unconstraineddelegation": false, "trustedtoauth": false, "passwordnotreqd": false, "enabled": false, "lastlogon": 0, "lastlogontimestamp": -1, "pwdlastset": 1758423104, "dontreqpreauth": false, "pwdneverexpires": false, "sensitive": false, "serviceprincipalnames": ["kadmin/changepw"], "hasspn": true, "displayname": null, "email": null, "title": null, "homedirectory": null, "description": "Key Distribution Center Service Account", "userpassword": null, "admincount": true, "sidhistory": [], "whencreated": 1758423104, "unixpassword": null, "unicodepassword": null, "logonscript": null, "samaccountname": "krbtgt", "sfupassword": null}, "Aces": [{"RightName": "Owns", "IsInherited": false, "PrincipalSID": "S-1-5-21-3154413470-3340737026-2748725799-512", "PrincipalType": "Group"}, {"RightName": "GenericWrite", "IsInherited": false, "PrincipalSID": "S-1-5-21-3154413470-3340737026-2748725799-512", "PrincipalType": "Group"}, {"RightName": "WriteOwner", "IsInherited": false, "PrincipalSID": "S-1-5-21-3154413470-3340737026-2748725799-512", "PrincipalType": "Group"}, {"RightName": "AllExtendedRights", "IsInherited": false, "PrincipalSID": "S-1-5-21-3154413470-3340737026-2748725799-512", "PrincipalType": "Group"}, {"RightName": "WriteDacl", "IsInherited": false, "PrincipalSID": "S-1-5-21-3154413470-3340737026-2748725799-512", "PrincipalType": "Group"}, {"RightName": "GenericWrite", "IsInherited": false, "PrincipalSID": "S-1-5-21-3154413470-3340737026-2748725799-519", "PrincipalType": "Group"}, {"RightName": "WriteOwner", "IsInherited": false, "PrincipalSID": "S-1-5-21-3154413470-3340737026-2748725799-519", "PrincipalType": "Group"}, {"RightName": "AllExtendedRights", "IsInherited": false, "PrincipalSID": "S-1-5-21-3154413470-3340737026-2748725799-519", "PrincipalType": "Group"}, {"RightName": "WriteDacl", "IsInherited": false, "PrincipalSID": "S-1-5-21-3154413470-3340737026-2748725799-519", "PrincipalType": "Group"}, {"RightName": "GenericWrite", "IsInherited": false, "PrincipalSID": "HACKSMARTER.LOCAL-S-1-5-32-544", "PrincipalType": "Group"}, {"RightName": "WriteOwner", "IsInherited": false, "PrincipalSID": "HACKSMARTER.LOCAL-S-1-5-32-544", "PrincipalType": "Group"}, {"RightName": "AllExtendedRights", "IsInherited": false, "PrincipalSID": "HACKSMARTER.LOCAL-S-1-5-32-544", "PrincipalType": "Group"}, {"RightName": "WriteDacl", "IsInherited": false, "PrincipalSID": "HACKSMARTER.LOCAL-S-1-5-32-544", "PrincipalType": "Group"}], "SPNTargets": [], "HasSIDHistory": [], "IsDeleted": false, "IsACLProtected": true},{"AllowedToDelegate": [], "ObjectIdentifier": "S-1-5-21-3154413470-3340737026-2748725799-500", "PrimaryGroupSID": "S-1-5-21-3154413470-3340737026-2748725799-513", "Properties": {"name": "ADMINISTRATOR@HACKSMARTER.LOCAL", "domain": "HACKSMARTER.LOCAL", "domainsid": "S-1-5-21-3154413470-3340737026-2748725799", "distinguishedname": "CN=ADMINISTRATOR,CN=USERS,DC=HACKSMARTER,DC=LOCAL", "unconstraineddelegation": false, "trustedtoauth": false, "passwordnotreqd": false, "enabled": true, "lastlogon": 1758568237, "lastlogontimestamp": 1758423180, "pwdlastset": 1758235220, "dontreqpreauth": false, "pwdneverexpires": false, "sensitive": false, "serviceprincipalnames": [], "hasspn": false, "displayname": null, "email": null, "title": null, "homedirectory": null, "description": "Built-in account for administering the computer/domain", "userpassword": null, "admincount": true, "sidhistory": [], "whencreated": 1758423060, "unixpassword": null, "unicodepassword": null, "logonscript": null, "samaccountname": "Administrator", "sfupassword": null}, "Aces": [{"RightName": "Owns", "IsInherited": false, "PrincipalSID": "S-1-5-21-3154413470-3340737026-2748725799-512", "PrincipalType": "Group"}, {"RightName": "GenericWrite", "IsInherited": false, "PrincipalSID": "S-1-5-21-3154413470-3340737026-2748725799-512", "PrincipalType": "Group"}, {"RightName": "WriteOwner", "IsInherited": false, "PrincipalSID": "S-1-5-21-3154413470-3340737026-2748725799-512", "PrincipalType": "Group"}, {"RightName": "AllExtendedRights", "IsInherited": false, "PrincipalSID": "S-1-5-21-3154413470-3340737026-2748725799-512", "PrincipalType": "Group"}, {"RightName": "WriteDacl", "IsInherited": false, "PrincipalSID": "S-1-5-21-3154413470-3340737026-2748725799-512", "PrincipalType": "Group"}, {"RightName": "GenericWrite", "IsInherited": false, "PrincipalSID": "S-1-5-21-3154413470-3340737026-2748725799-519", "PrincipalType": "Group"}, {"RightName": "WriteOwner", "IsInherited": false, "PrincipalSID": "S-1-5-21-3154413470-3340737026-2748725799-519", "PrincipalType": "Group"}, {"RightName": "AllExtendedRights", "IsInherited": false, "PrincipalSID": "S-1-5-21-3154413470-3340737026-2748725799-519", "PrincipalType": "Group"}, {"RightName": "WriteDacl", "IsInherited": false, "PrincipalSID": "S-1-5-21-3154413470-3340737026-2748725799-519", "PrincipalType": "Group"}, {"RightName": "GenericWrite", "IsInherited": false, "PrincipalSID": "HACKSMARTER.LOCAL-S-1-5-32-544", "PrincipalType": "Group"}, {"RightName": "WriteOwner", "IsInherited": false, "PrincipalSID": "HACKSMARTER.LOCAL-S-1-5-32-544", "PrincipalType": "Group"}, {"RightName": "AllExtendedRights", "IsInherited": false, "PrincipalSID": "HACKSMARTER.LOCAL-S-1-5-32-544", "PrincipalType": "Group"}, {"RightName": "WriteDacl", "IsInherited": false, "PrincipalSID": "HACKSMARTER.LOCAL-S-1-5-32-544", "PrincipalType": "Group"}], "SPNTargets": [], "HasSIDHistory": [], "IsDeleted": false, "IsACLProtected": true},{"AllowedToDelegate": [], "ObjectIdentifier": "S-1-5-21-3154413470-3340737026-2748725799-501", "PrimaryGroupSID": "S-1-5-21-3154413470-3340737026-2748725799-514", "Properties": {"name": "GUEST@HACKSMARTER.LOCAL", "domain": "HACKSMARTER.LOCAL", "domainsid": "S-1-5-21-3154413470-3340737026-2748725799", "distinguishedname": "CN=GUEST,CN=USERS,DC=HACKSMARTER,DC=LOCAL", "unconstraineddelegation": false, "trustedtoauth": false, "passwordnotreqd": true, "enabled": false, "lastlogon": 0, "lastlogontimestamp": -1, "pwdlastset": 0, "dontreqpreauth": false, "pwdneverexpires": true, "sensitive": false, "serviceprincipalnames": [], "hasspn": false, "displayname": null, "email": null, "title": null, "homedirectory": null, "description": "Built-in account for guest access to the computer/domain", "userpassword": null, "admincount": false, "sidhistory": [], "whencreated": 1758423060, "unixpassword": null, "unicodepassword": null, "logonscript": null, "samaccountname": "Guest", "sfupassword": null}, "Aces": [{"RightName": "Owns", "IsInherited": false, "PrincipalSID": "HACKSMARTER.LOCAL-S-1-5-32-544", "PrincipalType": "Group"}, {"RightName": "GenericAll", "IsInherited": false, "PrincipalSID": "S-1-5-21-3154413470-3340737026-2748725799-512", "PrincipalType": "Group"}, {"RightName": "GenericAll", "IsInherited": false, "PrincipalSID": "HACKSMARTER.LOCAL-S-1-5-32-548", "PrincipalType": "Group"}, {"RightName": "AddKeyCredentialLink", "IsInherited": true, "PrincipalSID": "S-1-5-21-3154413470-3340737026-2748725799-526", "PrincipalType": "Group"}, {"RightName": "AddKeyCredentialLink", "IsInherited": true, "PrincipalSID": "S-1-5-21-3154413470-3340737026-2748725799-527", "PrincipalType": "Group"}, {"RightName": "GenericAll", "IsInherited": true, "PrincipalSID": "S-1-5-21-3154413470-3340737026-2748725799-519", "PrincipalType": "Group"}, {"RightName": "GenericWrite", "IsInherited": true, "PrincipalSID": "HACKSMARTER.LOCAL-S-1-5-32-544", "PrincipalType": "Group"}, {"RightName": "WriteOwner", "IsInherited": true, "PrincipalSID": "HACKSMARTER.LOCAL-S-1-5-32-544", "PrincipalType": "Group"}, {"RightName": "AllExtendedRights", "IsInherited": true, "PrincipalSID": "HACKSMARTER.LOCAL-S-1-5-32-544", "PrincipalType": "Group"}, {"RightName": "WriteDacl", "IsInherited": true, "PrincipalSID": "HACKSMARTER.LOCAL-S-1-5-32-544", "PrincipalType": "Group"}], "SPNTargets": [], "HasSIDHistory": [], "IsDeleted": false, "IsACLProtected": false}],"meta":{"methods":0,"type":"users","count":16, "version":5}}